Book_Title,Author,Average Rating,Total Rating,Total Score,People Voted
"The Hunger Games (The Hunger Games, #1)",Suzanne Collins,4.33,7880899,"90,760",919
The Help,Kathryn Stockett,4.47,2582191,"80,487",814
"A Dance with Dragons (A Song of Ice and Fire, #5)",George R.R. Martin,4.33,619912,"77,596",780
"Divergent (Divergent, #1)",Veronica Roth,4.15,3674574,"65,255",664
"Catching Fire (The Hunger Games, #2)",Suzanne Collins,4.31,3192261,"47,561",492
Water for Elephants,Sara Gruen,4.1,1549855,"47,096",482
"A Game of Thrones (A Song of Ice and Fire, #1)",George R.R. Martin,4.44,2339686,"46,109",471
"Mockingjay (The Hunger Games, #3)",Suzanne Collins,4.07,2910352,"44,046",459
Bossypants,Tina Fey,3.96,961977,"41,707",423
"Forever (The Wolves of Mercy Falls, #3)",Maggie Stiefvater,3.89,120421,"39,916",403
The Book Thief,Markus Zusak,4.39,2340618,"36,380",379
To Kill a Mockingbird,Harper Lee,4.27,5640504,"35,094",364
"Inheritance (The Inheritance Cycle, #4)",Christopher Paolini,4.12,252753,"33,084",335
"Delirium (Delirium, #1)",Lauren Oliver,3.96,455427,"31,044",319
"Bloodlines (Bloodlines, #1)",Richelle Mead,4.2,181571,"29,881",305
"Clockwork Angel (The Infernal Devices, #1)",Cassandra Clare,4.32,791449,"29,301",306
"City of Fallen Angels (The Mortal Instruments, #4)",Cassandra Clare,4.09,570740,"27,991",291
"A Discovery of Witches (All Souls, #1)",Deborah Harkness,4.02,457866,"27,581",282
The Kite Runner,Khaled Hosseini,4.33,2930618,"26,403",276
"Matched (Matched, #1)",Ally Condie,3.63,745601,"25,136",265
The Time Traveler's Wife,Audrey Niffenegger,3.99,1729879,"25,106",265
Room,Emma Donoghue,4.07,780049,"24,636",255
The Lord of the Rings,J.R.R. Tolkien,4.52,640831,"23,935",249
"Crossed (Matched, #2)",Ally Condie,3.52,236967,"22,218",231
"Passion (Fallen, #3)",Lauren Kate,3.86,163315,"20,694",212
"Miss Peregrine's Home for Peculiar Children (Miss Peregrine's Peculiar Children, #1)",Ransom Riggs,3.92,1188930,"19,807",208
"Across the Universe (Across the Universe, #1)",Beth Revis,3.77,116990,"18,989",200
"The Host (The Host, #1)",Stephenie Meyer,3.85,974294,"18,243",195
"Dead Reckoning (Sookie Stackhouse, #11)",Charlaine Harris,3.8,123790,"18,112",185
"Clockwork Prince (The Infernal Devices, #2)",Cassandra Clare,4.43,525250,"17,638",186
The Immortal Life of Henrietta Lacks,Rebecca Skloot,4.1,689966,"17,148",178
The Paris Wife,Paula McLain,3.82,289177,"17,080",177
"In the Garden of Beasts: Love, Terror, and an American Family in Hitler's Berlin",Erik Larson,3.87,191408,"17,030",174
"The Girl with the Dragon Tattoo (Millennium, #1)",Stieg Larsson,4.16,3014444,"16,782",180
"Shiver (The Wolves of Mercy Falls, #1)",Maggie Stiefvater,3.76,468818,"16,441",176
The Fault in Our Stars,John Green,4.15,4715976,"16,351",172
The Peach Keeper,Sarah Addison Allen,3.85,60567,"16,273",168
"The Power of Six (Lorien Legacies, #2)",Pittacus Lore,4.15,132904,"16,269",169
One Day,David Nicholls,3.81,313831,"14,610",152
A Visit from the Goon Squad,Jennifer Egan,3.69,207622,"14,473",148
"Wither (The Chemical Garden, #1)",Lauren DeStefano,3.8,99379,"14,418",152
Gone with the Wind,Margaret Mitchell,4.3,1175018,"13,911",148
"Sisterhood Everlasting (Sisterhood, #5)",Ann Brashares,3.91,36253,"13,850",143
A Story of Yesterday,Sergio Cobo,4.6,11029,"13,800",138
Never Let Me Go,Kazuo Ishiguro,3.84,619319,"13,661",148
"The Handmaid’s Tale (The Handmaid's Tale, #1)",Margaret Atwood,4.13,1872377,"13,228",144
"The Goddess Test (Goddess Test, #1)",Aimee Carter,3.8,57502,"12,247",131
"A Dog's Purpose (A Dog's Purpose, #1)",W. Bruce Cameron,4.35,126824,"11,926",123
What Happened to Goodbye,Sarah Dessen,3.95,86546,"11,849",126
"Smokin' Seventeen (Stephanie Plum, #17)",Janet Evanovich,3.98,81021,"11,802",120
Beauty Queens,Libba Bray,3.62,53705,"11,632",122
Anna Karenina,Leo Tolstoy,4.08,793457,"11,614",125
"The Knife of Never Letting Go (Chaos Walking, #1)",Patrick Ness,3.97,186352,"11,538",124
"Wolfsbane (Nightshade, #2; Nightshade World, #5)",Andrea Cremer,4.11,47065,"11,442",120
The Guernsey Literary and Potato Peel Pie Society,Mary Ann Shaffer,4.19,714483,"11,390",123
"Ghost Story (The Dresden Files, #13)",Jim Butcher,4.25,94098,"11,350",115
"The Passage (The Passage, #1)",Justin Cronin,4.04,203416,"11,176",118
"Where She Went (If I Stay, #2)",Gayle Forman,3.99,286096,"11,141",120
"Uglies (Uglies, #1)",Scott Westerfeld,3.85,633771,"11,112",120
"Supernaturally (Paranormalcy, #2)",Kiersten White,3.9,40313,"11,034",115
"A Clash of Kings  (A Song of Ice and Fire, #2)",George R.R. Martin,4.41,884629,"10,683",113
"The Maze Runner (The Maze Runner, #1)",James Dashner,4.04,1387584,"10,587",115
State of Wonder,Ann Patchett,3.89,180410,"10,576",111
"Unbroken: A World War II Story of Survival, Resilience and Redemption",Laura Hillenbrand,4.37,892243,"10,376",111
Before I Go to Sleep,S.J. Watson,3.9,325112,"10,373",111
"Anna and the French Kiss (Anna and the French Kiss, #1)",Stephanie Perkins,3.98,437452,"10,237",111
"The Pillars of the Earth (Kingsbridge, #1)",Ken Follett,4.33,727255,"10,057",108
"Insurgent (Divergent, #2)",Veronica Roth,3.99,1406269,"10,027",109
"Starcrossed (Starcrossed, #1)",Josephine Angelini,4.05,71243,"10,006",110
Between Shades of Gray,Ruta Sepetys,4.37,219746,"9,915",106
"Beautiful Creatures (Caster Chronicles, #1)",Kami Garcia,3.77,583230,"9,739",106
The Tiger's Wife,Téa Obreht,3.41,97493,"9,633",101
Cloud Atlas,David Mitchell,4.01,239343,"9,507",103
"Fall of Giants (The Century Trilogy, #1)",Ken Follett,4.31,307858,"9,264",98
Sarah's Key,Tatiana de Rosnay,4.17,460535,"9,043",98
The Elephant Tree,R.D. Ronald,3.69,26622,"8,896",98
"Die for Me (Revenants, #1)",Amy Plum,3.98,54767,"8,455",93
"Harry Potter and the Deathly Hallows (Harry Potter, #7)",J.K. Rowling,4.62,3438925,"8,317",92
The Story of Beautiful Girl,Rachel Simon,3.93,26403,"8,262",87
The Zombie Room,R.D. Ronald,3.74,27830,"7,965",90
Paper Towns,John Green,3.73,1247852,"7,947",87
"One Grave at a Time (Night Huntress, #6)",Jeaniene Frost,4.23,47960,"7,900",82
"Abandon (Abandon, #1)",Meg Cabot,3.68,39236,"7,894",86
The Memory Keeper's Daughter,Kim Edwards,3.69,590494,"7,834",87
"Fire (Graceling Realm, #2)",Kristin Cashore,4.1,178873,"7,806",85
"Uncommon Criminals (Heist Society, #2)",Ally Carter,4.13,42631,"7,557",81
"The Death Cure (The Maze Runner, #3)",James Dashner,3.78,415454,"7,541",83
Don't Breathe a Word,Jennifer  McMahon,3.59,15779,"7,476",79
A Thousand Splendid Suns,Khaled Hosseini,4.42,1414556,"7,315",82
The Great Gatsby,F. Scott Fitzgerald,3.93,4791279,"7,282",82
"The Name of the Wind (The Kingkiller Chronicle, #1)",Patrick Rothfuss,4.52,883332,"6,503",69
"Chain Reaction (Perfect Chemistry, #3)",Simone Elkeles,4.09,62761,"6,431",69
The Traitor's Emblem,Juan Gómez-Jurado,3.85,3336,"6,338",64
"Graveminder (Graveminder, #1)",Melissa Marr,3.49,12884,"6,004",65
Never Knowing,Chevy Stevens,3.87,24424,"5,819",62
"Hereafter (Hereafter, #1)",Tara Hudson,3.71,16905,"5,768",65
"Witches of East End (The Beauchamp Family, #1)",Melissa de la Cruz,3.53,20447,"5,722",64
Gone Girl,Gillian Flynn,4.12,2849976,"5,684",65
Pride and Prejudice,Jane Austen,4.28,3902191,"5,634",65
Caleb's Crossing,Geraldine Brooks,3.84,64495,"5,574",59
One Flew Over the Cuckoo's Nest,Ken Kesey,4.2,701441,"5,448",63
Jonathan Strange & Mr Norrell,Susanna Clarke,3.85,225818,"5,340",58
"Graceling (Graceling Realm, #1)",Kristin Cashore,4.07,440635,"5,313",59
"Heartless (Parasol Protectorate, #4)",Gail Carriger,4.06,34217,"5,274",55
Imaginary Girls,Nova Ren Suma,3.43,7296,"5,262",59
"City of Bones (The Mortal Instruments, #1)",Cassandra Clare,4.08,1903849,"5,226",58
"Hourglass (Hourglass, #1)",Myra McEntire,3.79,18828,"5,203",59
On Writing: A Memoir of the Craft,Stephen King,4.33,268329,"5,159",57
Fahrenheit 451,Ray Bradbury,3.97,2190588,"5,136",61
"The Warlock (The Secrets of the Immortal Nicholas Flamel, #5)",Michael Scott,4.18,56940,"4,970",53
The Night Circus,Erin Morgenstern,4.03,884812,"4,916",55
"The Iron Witch (The Iron Witch, #1)",Karen Mahoney,3.45,9729,"4,783",54
The Catcher in the Rye,J.D. Salinger,3.81,3290528,"4,698",57
"Harry Potter and the Sorcerer's Stone (Harry Potter, #1)",J.K. Rowling,4.47,9189814,"4,680",56
"Harry Potter and the Half-Blood Prince (Harry Potter, #6)",J.K. Rowling,4.58,3021181,"4,679",53
An Abundance of Katherines,John Green,3.53,511611,"4,487",50
"The Hitchhiker's Guide to the Galaxy (The Hitchhiker's Guide to the Galaxy, #1)",Douglas Adams,4.23,1726608,"4,412",49
"Crossroads and the Himalayan Crystals (Crossroads, #1)",C. Toni Graham,4.32,11807,"4,361",47
The Color Purple,Alice Walker,4.25,628511,"4,336",52
The Sisters Brothers,Patrick deWitt,3.85,93537,"4,331",48
The Weird Sisters,Eleanor Brown,3.37,45735,"4,284",48
"The Da Vinci Code (Robert Langdon, #2)",Dan Brown,3.9,2235592,"4,173",49
"The Lost Symbol (Robert Langdon, #3)",Dan Brown,3.74,584447,"4,149",47
Dogshit Saved My Life,Karl Wiggins,4.16,165,"4,137",42
"Harry Potter and the Chamber of Secrets (Harry Potter, #2)",J.K. Rowling,4.43,3557540,"4,133",48
"Harry Potter and the Order of the Phoenix (Harry Potter, #5)",J.K. Rowling,4.5,3118500,"4,092",49
"The Chronicles of Narnia (Chronicles of Narnia, #1-7)",C.S. Lewis,4.27,612658,"4,075",48
1984,George Orwell,4.19,4150969,"4,018",49
Fight Club,Chuck Palahniuk,4.19,558397,"3,959",46
Wuthering Heights,Emily Brontë,3.88,1668745,"3,954",46
Ripple,Mandy Hubbard,3.69,5780,"3,926",45
"A Feast for Crows (A Song of Ice and Fire, #4)",George R.R. Martin,4.15,695582,"3,903",42
The Midwife's Confession,Diane Chamberlain,4.08,40398,"3,894",43
A Tree Grows in Brooklyn,Betty  Smith,4.29,439860,"3,872",43
Then Came You,Jennifer Weiner,3.71,46128,"3,838",42
Looking for Alaska,John Green,3.98,1471202,"3,766",44
"Outlander (Outlander, #1)",Diana Gabaldon,4.25,983293,"3,754",43
The Sacred Well Murders,Susan  Rowland,4.31,5890,"3,709",42
"Autobiography of Mark Twain, Volume 1: The Complete and Authoritative Edition",Mark Twain,3.79,8437,"3,682",39
"City of Ashes (The Mortal Instruments, #2)",Cassandra Clare,4.12,885651,"3,682",44
Embassytown,China Miéville,3.89,30303,"3,668",39
"Lost in Shangri-la: A True Story of Survival, Adventure, and the Most Incredible Rescue Mission of World War II",Mitchell Zuckoff,3.86,45065,"3,657",40
Paradox Effect: Time Travel and Purified DNA Merge to Halt the Collapse of Human Existence,Gabriel F.W. Koch,4.33,11099,"3,646",41
"Death Leaves a Shadow (Marlowe Black Mystery, #2)",Gabriel F.W. Koch,4.32,11246,"3,563",41
We Need to Talk About Kevin,Lionel Shriver,4.08,185223,"3,558",40
"Why They Stay: Sex Scandals, Deals, and Hidden Agendas of Eight Political Wives",Anne Michaud,4.32,5164,"3,548",37
"The Wise Man's Fear (The Kingkiller Chronicle, #2)",Patrick Rothfuss,4.55,514887,"3,503",38
"Inferno (Robert Langdon, #4)",Dan Brown,3.88,528442,"3,471",38
"Matching Configurations (Quantum Roots, #3)",Kyle Keyes,4.3,6565,"3,463",38
It,Stephen King,4.25,1016211,"3,446",40
"Hit List (Anita Blake, Vampire Hunter, #20)",Laurell K. Hamilton,3.96,29038,"3,425",36
East of Eden,John Steinbeck,4.4,499842,"3,397",38
"Vampire Academy (Vampire Academy, #1)",Richelle Mead,4.11,624479,"3,346",40
The Curious Incident of the Dog in the Night-Time,Mark Haddon,3.89,1403297,"3,343",40
The Eden Paradox,Barry Kirwan,4.22,6112,"3,264",35
Summer Rental,Mary Kay Andrews,3.83,32905,"3,262",36
Slow Brewing Tea (Slow Brewing Tea Series),Randy Loubier,4.33,12467,"3,245",36
Making Hearts,Jack Getze,4.25,2247,"3,227",37
"America's Daughter (Dancing Soul Trilogy, #2)",Maria Nhambu,4.3,7488,"3,200",36
Thirteen Reasons Why,Jay Asher,3.86,922265,"3,183",37
The Poisonwood Bible,Barbara Kingsolver,4.08,713849,"3,133",33
The Perks of Being a Wallflower,Stephen Chbosky,4.22,1640753,"3,129",36
"World Without End (Kingsbridge, #2)",Ken Follett,4.29,234184,"3,122",36
The Shining,Stephen King,4.26,1374963,"3,069",34
"The Throne of Fire (The Kane Chronicles, #2)",Rick Riordan,4.19,195247,"3,038",34
"Take Command: Find Your Inner Strength, Build Enduring Relationships, and Live the Life You Want",Joe   Hart,4.28,2910,"3,016",31
Moonwalking with Einstein: The Art and Science of Remembering Everything,Joshua Foer,3.88,85965,"3,014",34
"Breaking Dawn (The Twilight Saga, #4)",Stephenie Meyer,3.73,1591980,"3,006",37
22 Britannia Road,Amanda Hodgkinson,3.64,11543,"3,003",33
"Last Sacrifice (Vampire Academy, #6)",Richelle Mead,4.38,278479,"2,930",34
"A Storm of Swords (A Song of Ice and Fire, #3)",George R.R. Martin,4.54,739257,"2,882",32
"The Lightning Thief (Percy Jackson and the Olympians, #1)",Rick Riordan,4.29,2664241,"2,879",34
The Pandarus File,Kyle Keyes,4.3,6644,"2,847",32
"Linger (The Wolves of Mercy Falls, #2)",Maggie Stiefvater,3.88,165442,"2,825",33
The Secret Garden,Frances Hodgson Burnett,4.15,1088667,"2,825",34
The American Heiress,Daisy Goodwin,3.46,41146,"2,818",31
The Bell Jar,Sylvia Plath,4.04,814935,"2,818",32
Start with Why: How Great Leaders Inspire Everyone to Take Action,Simon Sinek,4.1,194411,"2,811",30
Sense and Sensibility,Jane Austen,4.08,1122228,"2,807",33
"Darkfever (Fever, #1)",Karen Marie Moning,4.06,174860,"2,717",30
Table 21,T. Rafael Cimino,3.66,430,"2,697",27
"If I Stay (If I Stay, #1)",Gayle Forman,3.92,852454,"2,686",33
The Odd and the Strange: A Collection of Very Short Fiction,Harvey Havel,4.31,1258,"2,681",29
The Book of Negroes,Lawrence Hill,4.45,83571,"2,663",30
"The Snowman (Harry Hole, #7)",Jo Nesbø,4.02,130074,"2,657",31
"Allegiant (Divergent, #3)",Veronica Roth,3.61,987610,"2,650",30
Les Misérables,Victor Hugo,4.2,763467,"2,617",32
After Forever Ends,Melodie Ramone,4.04,1519,"2,576",26
Back To You,Steve  Bates,4.25,3122,"2,575",28
"Karolina Dalca, Dark Eyes",M.R. Noble,4.27,9676,"2,574",29
Eye for Eye (Talion #1),J.K. Franko,4.29,4046,"2,566",29
"The Hobbit (The Lord of the Rings, #0)",J.R.R. Tolkien,4.28,3625228,"2,565",33
"Trainspotting (Mark Renton, #2)",Irvine Welsh,4.09,161218,"2,533",29
"Hometown Girl at Heart (Hometown, #1)",Kirsten Fullmer,4.29,4100,"2,524",28
Entwined,Heather Dixon Wallwork,3.86,35436,"2,517",30
Mindset: The New Psychology of Success,Carol S. Dweck,4.09,132813,"2,501",26
Emotional Intelligence 2.0,Travis Bradberry,3.84,78605,"2,500",25
"Magic Slays (Kate Daniels, #5)",Ilona Andrews,4.4,71875,"2,472",27
The Bone Church,Victoria Dougherty,3.77,565,"2,457",25
"A Trick of the Light (Chief Inspector Armand Gamache, #7)",Louise Penny,4.31,67219,"2,451",26
"Hex Hall (Hex Hall, #1)",Rachel Hawkins,3.93,139799,"2,420",28
In Our Bones,Pernell Plath Meier,4.21,1920,"2,411",26
And the Mountains Echoed,Khaled Hosseini,4.07,350660,"2,389",27
The Stand,Stephen King,4.34,717556,"2,376",30
"The Last Lumenian (The Last Lumenian, #1)",S.G. Blaise,4.27,4231,"2,371",26
"Feed (Newsflesh, #1)",Mira Grant,3.85,56716,"2,364",25
Calico Jack in your Garden,Karl Wiggins,4.2,202,"2,353",24
Hotel on the Corner of Bitter and Sweet,Jamie Ford,4.03,288688,"2,352",27
"Betrayal of Faith (Zachary Blake Legal Thriller, #1)",Mark M. Bello,4.33,3540,"2,352",26
The Alchemist,Paulo Coelho,3.9,2759653,"2,331",29
"Eon: Dragoneye Reborn (Eon, #1)",Alison Goodman,3.96,60239,"2,330",26
"City of Lost Souls (The Mortal Instruments, #5)",Cassandra Clare,4.23,503631,"2,330",27
"The Giver (The Giver, #1)",Lois Lowry,4.13,2262912,"2,322",28
"Shadow of Night (All Souls, #2)",Deborah Harkness,4.07,225011,"2,296",26
"Original Sin (Personal Demons, #2)",Lisa Desrochers,3.87,3604,"2,291",25
A Castle of Doomsday,Michael G. Kramer,4.26,3428,"2,273",25
"Angels & Demons (Robert Langdon, #1)",Dan Brown,3.93,3058365,"2,235",28
Lord of the Flies,William Golding,3.69,2716815,"2,223",28
The Thousand Autumns of Jacob de Zoet,David Mitchell,4.02,62001,"2,223",26
"Vision to Reality: Stop Working, Start Living",Curtis L. Jenkins,4.31,5560,"2,221",25
"Firestarters: How Innovators, Instigators, and Initiators Can Inspire You to Ignite Your Own Life",Raoul Davis Jr.,4.29,4665,"2,220",25
"God is the Cure, Love is the Answer: A Memoir",Aimee Cabo Nikolov,4.29,4433,"2,219",23
"The Hangman's Daughter (The Hangman's Daughter, #1)",Oliver Pötzsch,3.74,76550,"2,214",24
The Scare,Robert   Shaw,3.79,70,"2,200",22
"The Clan of the Cave Bear (Earth's Children, #1)",Jean M. Auel,4.08,256332,"2,192",26
On the Road,Jack Kerouac,3.62,390028,"2,190",27
"The Girl Who Kicked the Hornet's Nest (Millennium, #3)",Stieg Larsson,4.23,708828,"2,188",25
Fierce Love: Creating a Love that Lasts—One Conversation at a Time,Susan Scott,4.32,7143,"2,187",23
Different Seasons,Stephen King,4.35,195710,"2,182",26
The Wasp Factory,Iain Banks,3.79,90310,"2,179",25
Westwind Secrets,Marilyn Dalla Valle,4.29,3457,"2,175",24
"Paranormalcy (Paranormalcy, #1)",Kiersten White,3.88,97657,"2,149",26
"The Girl in the Steel Corset (Steampunk Chronicles, #1)",Kady Cross,3.8,21405,"2,140",24
"Bumped (Bumped, #1)",Megan McCafferty,3.12,13066,"2,139",24
"Body In The Woods (Jack Ludefance, #2)",Behcet Kaya,4.32,5921,"2,098",23
The Particular Sadness of Lemon Cake,Aimee Bender,3.23,63708,"2,096",24
"Wonder (Wonder, #1)",R.J. Palacio,4.38,1006317,"2,096",26
For the Love of Armin,Michael G. Kramer,4.29,1109,"2,091",23
"Quantum Roots (Quantum Roots, #1)",Kyle Keyes,4.28,3307,"2,089",23
"Limitless: Upgrade Your Brain, Learn Anything Faster, and Unlock Your Exceptional Life",Jim Kwik,4.1,14352,"2,058",21
The Adventures of Huckleberry Finn,Mark Twain,3.83,1233099,"2,039",26
Let the Great World Spin,Colum McCann,3.95,102285,"2,032",22
"Love on the Line (Women at Work, #1)",Kirsten Fullmer,4.28,4256,"2,018",22
The Pale King,David Foster Wallace,3.97,17245,"2,011",21
"Brisingr (The Inheritance Cycle, #3)",Christopher Paolini,4.08,347848,"2,010",23
The Ancestor,Lee Matthew Goldberg,4.26,3517,"1,994",22
"The Threat Below (Brathius History, #1)",Jason Latshaw,4.12,1573,"1,986",22
Crime and Punishment,Fyodor Dostoevsky,4.25,809870,"1,983",24
"Ready Player One (Ready Player One, #1)",Ernest Cline,4.24,1077917,"1,981",24
Pleasant Day,Vera Jane Cook,4.31,1227,"1,962",22
The Seventh Spark: Volume One – Knights of the Trinity,J.B. Lion,4.29,2520,"1,958",22
The Arbitrator,Max Nowaz,4.28,8404,"1,957",22
American Psycho,Bret Easton Ellis,3.81,284728,"1,953",23
Median Gray,Bill Mesce Jr.,4.28,2136,"1,949",21
"The Girl Who Played with Fire (Millennium, #2)",Stieg Larsson,4.25,888964,"1,924",24
"Appellate Judge (Jack Ludefance, #3)",Behcet Kaya,4.3,5844,"1,918",22
A Decade of Desire: Erotic Tales from the Charlie Doyle Diaries,Charles Dyson,4.34,723,"1,908",21
"Succubus Revealed (Georgina Kincaid, #6)",Richelle Mead,4.27,21724,"1,902",20
"Deeper Than Midnight (Midnight Breed, #9)",Lara Adrian,4.29,20939,"1,899",21
Invisible Monsters,Chuck Palahniuk,3.99,136890,"1,893",22
The Search for Mother Missing: A Peek Inside International Adoption,Janine Vance,4.46,920,"1,892",20
"Dreams of Joy (Shanghai Girls, #2)",Lisa See,4.09,61928,"1,891",20
Factotum,Charles Bukowski,3.93,66057,"1,883",21
"Touch of Frost (Mythos Academy, #1)",Jennifer Estep,3.95,31895,"1,880",21
"The Notebook (The Notebook, #1)",Nicholas Sparks,4.14,1585493,"1,879",22
"Demonglass (Hex Hall, #2)",Rachel Hawkins,4.09,92288,"1,875",21
The Book of Lost Things,John Connolly,3.96,75642,"1,868",22
"Love on the Line 2 (Women at Work, #2)",Kirsten Fullmer,4.3,6781,"1,868",21
"The Selection (The Selection, #1)",Kiera Cass,4.09,1386609,"1,860",21
Extremely Loud & Incredibly Close,Jonathan Safran Foer,3.97,409846,"1,857",25
"Revelations (Bloodlines, #3)",Lindsay Anne Kendal,4.05,273,"1,856",19
"Torment (Bloodlines, #2)",Lindsay Anne Kendal,3.98,337,"1,854",19
"The Physick Book of Deliverance Dane (The Physick Book, #1)",Katherine Howe,3.72,55582,"1,844",20
Dark Places,Gillian Flynn,3.95,695229,"1,844",22
Shantaram,Gregory David Roberts,4.27,200650,"1,830",20
"Neverwhere (London Below, #1)",Neil Gaiman,4.17,497805,"1,823",23
Under the Bus,Kyle Keyes,4.19,354,"1,784",20
"Naamah's Blessing (Naamah Trilogy, #3)",Jacqueline Carey,4.23,9858,"1,763",18
Ulysses,James Joyce,3.75,122061,"1,757",19
"The Golden Compass (His Dark Materials, #1)",Philip Pullman,4.01,1458494,"1,753",23
"Evertaster (Evertaster, #1)",Adam Glendon Sidwell,3.89,528,"1,750",18
Battle Hymn of the Tiger Mother,Amy Chua,3.65,51177,"1,748",19
Maine,J. Courtney Sullivan,3.39,34582,"1,741",19
The Invisible Bridge,Julie Orringer,4.18,51434,"1,732",20
Mystic River,Dennis Lehane,4.16,139197,"1,718",22
"Problems at the Pub (Sugar Mountain, #4)",Kirsten Fullmer,4.34,5333,"1,717",19
"Hades (Halo, #2)",Alexandra Adornetto,3.95,32441,"1,716",20
The Outsiders,S.E. Hinton,4.12,1207881,"1,714",21
"Treacherous Estate (Jack Ludefance, #1)",Behcet Kaya,4.25,5070,"1,709",19
Denali Skies,Danielle Rohr,3.78,112,"1,700",17
"Sex in the Title: A Comedy about Dating, Sex, and Romance in NYC",Zack Love,3.47,829,"1,700",17
Journey to the West: A Long March from Eastern Dream to Western Reality,Biao  Wang,4.3,116,"1,700",17
"Supreme Betrayal (Zachary Blake Legal Thriller, #6)",Mark M. Bello,4.33,4091,"1,696",20
"Howl’s Moving Castle (Howl’s Moving Castle, #1)",Diana Wynne Jones,4.29,300117,"1,666",18
Four Thousand Weeks: Time Management for Mortals,Oliver Burkeman,4.25,47114,"1,659",17
My Name Is Memory,Ann Brashares,3.71,32350,"1,658",19
The Rose Garden,Susanna Kearsley,4.03,31451,"1,656",18
"Fifty Shades of Grey (Fifty Shades, #1)",E.L. James,3.66,2414166,"1,655",21
The Ocean at the End of the Lane,Neil Gaiman,4.01,573656,"1,649",19
"Night  (The Night Trilogy, #1)",Elie Wiesel,4.36,1160780,"1,644",19
"Reached (Matched, #3)",Ally Condie,3.55,159825,"1,641",19
Memoirs of a Geisha,Arthur Golden,4.14,1920513,"1,636",22
Madame Bovary,Gustave Flaubert,3.7,309471,"1,635",21
Where There's Smoke (Sugar Mountain #2),Kirsten Fullmer,4.3,3806,"1,634",18
"The Sweetness at the Bottom of the Pie (Flavia de Luce, #1)",Alan Bradley,3.82,162288,"1,632",21
Emma,Jane Austen,4.04,815006,"1,628",20
Swamplandia!,Karen Russell,3.27,55768,"1,619",19
"The Iron King (The Iron Fey, #1)",Julie Kagawa,3.88,207884,"1,617",20
"Insatiable (Insatiable, #1)",Meg Cabot,3.43,22970,"1,613",19
"Broken Promises (Past Imperfect Mystery, #1)",Anne  Willow,4.25,2789,"1,608",18
Crossing the Seas: A Diary of My Thoughts,Yuehai Xiao,3.54,2131,"1,600",16
The Lovely Bones,Alice Sebold,3.84,2257783,"1,598",19
"Fifth Grave Past the Light (Charley Davidson, #5)",Darynda Jones,4.43,35510,"1,585",16
Timbi's Dream,Max Nowaz,4.36,603,"1,584",18
Feeling Lucky,M.S.M. Barkawitz,4.29,3170,"1,579",18
The Stranger,Albert Camus,4.01,944055,"1,574",19
Tooth for Tooth (Talion #2),J.K. Franko,4.32,3414,"1,570",17
The First 90 Days: Critical Success Strategies for New Leaders at All Levels,Michael D. Watkins,3.86,27258,"1,570",16
Killing Yourself to Live: 85% of a True Story,Chuck Klosterman,3.85,27463,"1,567",18
Portrait of Our Marriage,Martha Emms,3.88,225,"1,565",16
Before I Fall,Lauren Oliver,3.89,328689,"1,558",20
"Me Before You (Me Before You, #1)",Jojo Moyes,4.26,1495846,"1,556",18
Requiem for a Dream,Hubert Selby Jr.,4.1,58205,"1,552",17
The Power of Regret: How Looking Backward Moves Us Forward,Daniel H. Pink,3.85,8585,"1,552",16
"One for the Money (Stephanie Plum, #1)",Janet Evanovich,4.04,528911,"1,551",19
Under the Dome,Stephen King,3.91,286179,"1,549",18
"Missing Wings (Aranysargas, #1)",Andrea Luhman,4.29,2306,"1,547",17
Sharp Objects,Gillian Flynn,4.01,915790,"1,545",19
"Eat, Pray, Love",Elizabeth Gilbert,3.61,1670739,"1,542",19
The Historian,Elizabeth Kostova,3.79,258397,"1,541",18
Time Chain,Steven Decker,4.17,1231,"1,533",18
The Beach Trees,Karen   White,4.04,13997,"1,532",16
The Violets of March,Sarah Jio,3.83,25300,"1,532",17
Jane Eyre,Charlotte Brontë,4.14,1959551,"1,519",21
The Lacuna,Barbara Kingsolver,3.8,66556,"1,518",18
Little Women,Louisa May Alcott,4.14,2066316,"1,516",19
"Perfect Chemistry (Perfect Chemistry, #1)",Simone Elkeles,4.05,256668,"1,502",21
"Crossroads and the Dominion of Four (Crossroads, #2)",C. Toni Graham,4.26,2756,"1,500",17
"The Lies of Locke Lamora (Gentleman Bastard, #1)",Scott Lynch,4.3,271738,"1,498",18
In Cold Blood,Truman Capote,4.08,617871,"1,487",18
Life of Pi,Yann Martel,3.93,1542727,"1,483",18
Dueling Fates (Immar & Stauros trilogy #1),Stephanie M. Allen,4.31,1342,"1,469",16
"13 Little Blue Envelopes (Little Blue Envelope, #1)",Maureen Johnson,3.63,81862,"1,463",17
A Prayer for Owen Meany,John Irving,4.24,309875,"1,462",18
"The Other Boleyn Girl (The Plantagenet and Tudor Novels, #9)",Philippa Gregory,4.08,486470,"1,455",17
The Year We Left Home,Jean Thompson,3.39,6503,"1,454",16
Animal Farm,George Orwell,3.98,3534719,"1,453",17
"American Gods (American Gods, #1)",Neil Gaiman,4.11,876727,"1,443",19
Matterhorn,Karl Marlantes,4.24,41516,"1,439",16
The Lucky One,Nicholas Sparks,4.12,352160,"1,437",17
Heart of Darkness,Joseph Conrad,3.43,482615,"1,422",17
The Friendly Mouse,Sophia R. Tyler,4.43,769,"1,421",17
Fear and Loathing in Las Vegas,Hunter S. Thompson,4.07,332773,"1,415",17
"Archangel's Blade (Guild Hunter, #4)",Nalini Singh,4.25,32423,"1,406",15
Syrian Brides,Anna Halabi,4.18,226,"1,399",14
"Cinder (The Lunar Chronicles, #1)",Marissa Meyer,4.13,858711,"1,391",18
The Diary of a Young Girl,Anne Frank,4.18,3458755,"1,387",17
Geek Love,Katherine Dunn,3.96,63856,"1,382",16
"The Battle of the Labyrinth (Percy Jackson and the Olympians, #4)",Rick Riordan,4.41,962832,"1,378",18
The Girl on the Train,Paula Hawkins,3.95,2703524,"1,377",16
"Harry Potter and the Prisoner of Azkaban (Harry Potter, #3)",J.K. Rowling,4.58,3762186,"1,360",19
At Home: A Short History of Private Life,Bill Bryson,3.98,90581,"1,359",15
Lunar Park,Bret Easton Ellis,3.64,27548,"1,352",15
Arminius and Thusnelda Versus Rome,Michael G. Kramer,4.35,2825,"1,351",15
"Prince of Thorns (The Broken Empire, #1)",Mark  Lawrence,3.85,108538,"1,347",16
"Kiss of Snow (Psy-Changeling, #10)",Nalini Singh,4.45,30568,"1,344",14
"Silence (Hush, Hush, #3)",Becca Fitzpatrick,4.08,273092,"1,329",16
"Will Grayson, Will Grayson",John Green,3.72,384790,"1,320",17
"City of Glass (The Mortal Instruments, #3)",Cassandra Clare,4.29,918743,"1,319",17
"A Time to Kill (Jake Brigance, #1)",John Grisham,4.1,780646,"1,313",15
"Searching for Ganesha: Collecting Images of the Sweet-Loving, Elephant-Headed Hindu Deity Everybody Admires",Paul Spencer Sochaczewski,4.33,648,"1,304",14
A Gracious Enemy,Michael G. Kramer,4.33,1475,"1,302",14
This Lullaby,Sarah Dessen,4.02,176893,"1,300",16
"Moby-Dick or, the Whale",Herman Melville,3.53,532107,"1,299",17
Bill of Human Wrongs,C. Michaels,4.24,66,"1,294",13
The Soldier's Wife,Margaret Leroy,3.9,14680,"1,293",14
"Gabriel's Rapture (Gabriel's Inferno, #2)",Sylvain Reynard,4.21,113308,"1,293",14
Love Auction: Too Risky to Love Again,Sharon Carter,4.31,2672,"1,293",15
The Wind-Up Bird Chronicle,Haruki Murakami,4.15,262597,"1,292",14
My Name Is Rapunzel,K.C. Hilton,3.14,1925,"1,292",13
"Hannibal Rising (Hannibal Lecter, #4)",Thomas  Harris,3.55,45200,"1,290",15
Don't Close Your Eyes,Lynessa James,3.65,480,"1,290",13
"Complicated Moonlight (DCYE, #2)",Lynessa Layne,4.26,227,"1,289",13
"Skagboys (Mark Renton, #1)",Irvine Welsh,4.03,15534,"1,288",14
Stars and Satellites,Terry  Reid,3.34,38,"1,287",13
The Awakening: Fate in Motion,Suzanne Boisvert,4.22,1103,"1,284",14
The Neverending Story,Michael Ende,4.18,190223,"1,281",17
"Clockwork Princess (The Infernal Devices, #3)",Cassandra Clare,4.56,418785,"1,279",15
"Tiger's Voyage (The Tiger Saga, #3)",Colleen Houck,4.27,35764,"1,277",14
The Lighthouse Effect: How Ordinary People Can Have an Extraordinary Impact in the World,Steve  Pemberton,4.31,6198,"1,273",14
Empire of Pain: The Secret History of the Sackler Dynasty,Patrick Radden Keefe,4.55,74242,"1,273",13
"Betrayal of Justice (Zachary Blake Betrayal, #2)",Mark M. Bello,4.26,491,"1,267",14
The Octunnumi Fosbit Files Prologue,Trevor Alan Foris,4.02,8020,"1,265",14
Effacement,Hieronymus Hawkes,4.23,460,"1,264",14
"Trouble on Main Street (Sugar Mountain, #1)",Kirsten Fullmer,4.27,4146,"1,259",14
"Beautiful Disaster (Beautiful, #1)",Jamie McGuire,4.04,644317,"1,251",15
The 4-Hour Workweek,Timothy Ferriss,3.92,271538,"1,251",14
The Glass Castle,Jeannette Walls,4.3,1108286,"1,242",16
The Casual Vacancy,J.K. Rowling,3.3,322476,"1,231",16
11/22/63,Stephen King,4.32,498381,"1,224",17
Flashback,Dan Simmons,3.27,4482,"1,223",13
"Inside Out (Insider, #1)",Maria V. Snyder,3.82,24026,"1,219",14
"The Son of Neptune (The Heroes of Olympus, #2)",Rick Riordan,4.42,528737,"1,218",15
Persuasion,Jane Austen,4.15,646678,"1,217",16
"Blood, Bones, and Butter: The Inadvertent Education of a Reluctant Chef",Gabrielle Hamilton,3.76,34693,"1,214",13
Joyland,Stephen King,3.93,145807,"1,203",14
Deep World Fire  (Deep World Saga #1),C.M. Meridian,4.15,66,"1,196",12
"A Child Called ""It"" (Dave Pelzer, #1)",Dave Pelzer,4.12,417041,"1,194",13
The Shadow Girl,Misty Mount,4.25,2498,"1,184",13
Dear John,Nicholas Sparks,4.04,584028,"1,183",15
World War Z: An Oral History of the Zombie War,Max Brooks,4.02,499136,"1,183",13
"In the Woods (Dublin Murder Squad, #1)",Tana French,3.79,374749,"1,183",13
Eating Animals,Jonathan Safran Foer,4.21,75351,"1,176",15
"The Coaching Habit: Say Less, Ask More & Change the Way You Lead Forever",Michael Bungay Stanier,4.02,19517,"1,175",12
"Firelight (Firelight, #1)",Sophie Jordan,3.85,67252,"1,174",15
Trust: Pandora's Box (TRUST Trilogy #3; TRUST Universe #6-8),Cristiane Serruya,3.95,177,"1,173",12
Eleanor Oliphant Is Completely Fine,Gail Honeyman,4.25,1088328,"1,171",14
The Deepest Well: Healing the Long-Term Effects of Childhood Adversity,Nadine Burke Harris,4.48,7208,"1,171",12
And Then There Were None,Agatha Christie,4.28,1192856,"1,169",14
Madame Tussaud: A Novel of the French Revolution,Michelle Moran,3.96,21168,"1,168",14
The Children Act,Ian McEwan,3.72,74564,"1,167",13
"Crooked Letter, Crooked Letter",Tom Franklin,3.83,43176,"1,161",13
"Sirensong (Faeriewalker, #3)",Jenna Black,3.93,9215,"1,160",13
Atonement,Ian McEwan,3.93,495139,"1,159",15
Bottled Lightning,L.M. Weeks,4.15,682,"1,151",13
The Road,Cormac McCarthy,3.98,833962,"1,150",14
"Wildcat Fireflies (Fenestra, #2)",Amber Kizer,3.93,1980,"1,144",13
"Eye of the Tempest (Jane True, #4)",Nicole Peeler,4.05,3003,"1,141",12
"Bloodlines (Bloodlines, #1)",Lindsay Anne Kendal,3.75,1060,"1,139",13
Pale Fire,Vladimir Nabokov,4.16,47284,"1,133",13
"Africa's Child (Dancing Soul Trilogy, #1)",Maria Nhambu,4.31,4073,"1,132",13
Consider the Lobster and Other Essays,David Foster Wallace,4.18,47635,"1,131",14
"Wolf Hall (Thomas Cromwell, #1)",Hilary Mantel,3.9,198932,"1,130",14
Breakfast of Champions,Kurt Vonnegut Jr.,4.07,248426,"1,127",15
Speak,Laurie Halse Anderson,4.04,561302,"1,127",14
"King of Scars (King of Scars, #1)",Leigh Bardugo,4.17,162868,"1,121",12
"The Innocent (Will Robie, #1)",David Baldacci,4.16,99976,"1,116",14
The Secret Life of Bees,Sue Monk Kidd,4.08,1242178,"1,111",14
"Immoral Origins (The Desire Card, #1)",Lee Matthew Goldberg,4.28,4956,"1,107",13
Perfume: The Story of a Murderer,Patrick Süskind,4.04,421009,"1,105",13
A Short History of Nearly Everything,Bill Bryson,4.21,363690,"1,103",13
"The Spy Who Came In from the Cold (George Smiley, #3)",John le Carré,4.07,100811,"1,101",13
Summer of '69,Todd Strasser,3.9,454,"1,100",11
The Runaway Jury,John Grisham,4.01,295536,"1,099",13
"Spell Bound (Women of the Otherworld, #12)",Kelley Armstrong,4.23,14918,"1,097",12
"Trust: A New Beginning (Trust Trilogy, #1)",Cristiane Serruya,3.54,2754,"1,095",11
The Pelican Brief,John Grisham,4.04,416538,"1,089",12
A Gracious Enemy & After the War Volume One,Michael G. Kramer,4.33,644,"1,089",12
Firestarter,Stephen King,3.91,216562,"1,088",13
"Trust: Betrayed (Trust Trilogy, #2)",Cristiane Serruya,4.03,283,"1,087",11
"Hounded (The Iron Druid Chronicles, #1)",Kevin Hearne,4.09,84192,"1,082",12
"The Last Olympian (Percy Jackson and the Olympians, #5)",Rick Riordan,4.53,885120,"1,082",15
The Secret History,Donna Tartt,4.17,557087,"1,082",13
Steel Dogs,Matthew Bracey,4.32,252,"1,081",12
Spilled Milk,K.L. Randis,4.4,56642,"1,081",11
BEHIND CLOSED DOORS: A Daughter's Story,Daniella Dechristopher,4.01,3009,"1,080",11
The Scarlet Letter,Nathaniel Hawthorne,3.43,820204,"1,076",15
Frankie the Ferret,Kimberley   Paterson,4.33,390,"1,074",12
Good to Great: Why Some Companies Make the Leap... and Others Don't,James C. Collins,4.14,176895,"1,074",11
"Deadline (Newsflesh, #2)",Mira Grant,4.1,25595,"1,070",11
Love Auction II: Love Designs,Sharon Carter,4.36,545,"1,070",12
Safe Haven,Nicholas Sparks,4.21,369157,"1,067",14
Mission: Subhero,Linda    Armstrong,4.35,872,"1,066",12
Lolita,Vladimir Nabokov,3.88,787471,"1,065",13
"Betrayal In Black (Zachary Blake Legal Thriller, #4)",Mark M. Bello,4.31,411,"1,055",12
"The Redemption of Ajax (The Mephisto Covenant, #1)",Trinity Faegen,3.86,4167,"1,052",13
"Bridget Jones's Diary (Bridget Jones, #1)",Helen Fielding,3.8,949465,"1,048",12
Naked Lunch,William S. Burroughs,3.46,86936,"1,046",12
The Woman in the Window,A.J. Finn,3.96,704420,"1,041",12
"Legend (Legend, #1)",Marie Lu,4.16,499472,"1,040",12
"Killing Floor (Jack Reacher, #1)",Lee Child,4.07,298208,"1,037",13
"Ship Breaker (Ship Breaker, #1)",Paolo Bacigalupi,3.75,43484,"1,030",12
Less Than Zero,Bret Easton Ellis,3.6,79256,"1,029",12
"Drum Beats, Heart Beats (Dancing Soul Trilogy, #3)",Maria Nhambu,4.29,2863,"1,028",11
"Shadowfever (Fever, #5)",Karen Marie Moning,4.39,106054,"1,025",11
Dear Barack: The Extraordinary Partnership of Barack Obama and Angela Merkel,Claudia   Clark,4.38,1168,"1,014",13
"The Dark Enquiry (Lady Julia Grey, #5)",Deanna Raybourn,4.04,9724,"1,010",11
Life for Life (Talion #3),J.K. Franko,4.4,502,"1,008",11
A Walk to Remember,Nicholas Sparks,4.19,776910,"1,005",13
Capital in the Twenty-First Century,Thomas Piketty,4.05,30269,"1,003",12
Unwifeable: A Memoir,Mandy Stadtmiller,3.52,2876,"1,000",10
"The Rising (Blue River Chronicles, #1)",C.M. Meridian,3.66,71,996,10
Slaughterhouse-Five,Kurt Vonnegut Jr.,4.09,1293881,996,11
The Nanny Song,Misty Mount,4.22,784,989,11
Area 51: An Uncensored History of America's Top Secret Military Base,Annie Jacobsen,3.81,7769,987,11
The Prince,Niccolò Machiavelli,3.83,312444,987,12
"A Gallery of Mothers (Brathius History, #2)",J.S. Latshaw,4.35,577,986,11
Arrangement in Black and White,Fred Misurella,4.32,592,983,11
Eleanor & Park,Rainbow Rowell,3.96,1102660,981,12
Projector for Sale,Steven Decker,4.31,514,981,12
Soul Cure: How to Heal Your Pain and Discover Your Purpose,Gregory Dickow,3.52,1413,981,11
Off the Grid: The Catalyst,Brian  Courtney,4.17,341,980,10
The Ride of a Lifetime: Lessons Learned from 15 Years as CEO of the Walt Disney Company,Robert Iger,4.42,70415,977,10
The Boy in the Cellar,Stephen Smith,4.44,1466,977,10
The Lost Boy (Dave Pelzer #2),Dave Pelzer,4.1,64399,977,10
Hidden Figures,Margot Lee Shetterly,3.97,99268,976,11
The Brothers Karamazov,Fyodor Dostoevsky,4.36,301367,975,12
"What If? Serious Scientific Answers to Absurd Hypothetical Questions (What If?, #1)",Randall Munroe,4.14,161290,974,11
"The Sea of Monsters (Percy Jackson and the Olympians, #2)",Rick Riordan,4.24,1018356,969,13
"New Moon (The Twilight Saga, #2)",Stephenie Meyer,3.58,1792530,966,13
No Country for Old Men,Cormac McCarthy,4.14,177038,961,11
A Simple Plan,Scott        Smith,3.9,30116,960,11
Into the Water,Paula Hawkins,3.59,360847,960,12
The Bird Sisters,Rebecca Rasmussen,3.29,3782,958,11
Through God's Eye,Carolyn Cutler Hughes,4.27,670,958,10
The Innocent Man: Murder and Injustice in a Small Town,John Grisham,3.85,73325,957,11
Shutter Island,Dennis Lehane,4.11,184248,956,11
"Second Grave on the Left (Charley Davidson, #2)",Darynda Jones,4.25,50420,954,11
From Here to Eternity: Traveling the World to Find the Good Death,Caitlin Doughty,4.29,34552,954,11
One Hundred Years of Solitude,Gabriel García Márquez,4.11,903486,948,11
"The Way of Kings (The Stormlight Archive, #1)",Brandon Sanderson,4.65,419402,944,11
Exit the Actress,Priya Parmar,3.82,1616,937,10
Norwegian Wood,Haruki Murakami,4.02,523607,935,12
"True Teryn (The Last Lumenian, #2)",S.G. Blaise,4.3,894,934,10
Last Exit to Brooklyn,Hubert Selby Jr.,3.92,25872,932,11
"Vanish (Firelight, #2)",Sophie Jordan,3.91,32711,931,12
Where the Crawdads Sing,Delia Owens,4.41,2452924,931,11
Paradise Lost,John Milton,3.83,156544,930,11
"Thinking, Fast and Slow",Daniel Kahneman,4.18,445642,928,12
The Pact,Jodi Picoult,4.02,296384,923,13
The Beagle and the Hare,Kevin Moccia,4.37,258,923,10
War and Peace,Leo Tolstoy,4.15,308140,921,11
Full Moon Saturday Night,Mark Barkawitz,4.26,229,920,10
Extreme,Joan Gelfand,4.39,286,920,10
"Unearthly (Unearthly, #1)",Cynthia Hand,4.02,126012,919,13
Post Office,Charles Bukowski,3.94,118365,918,10
Predictably Irrational: The Hidden Forces That Shape Our Decisions,Dan Ariely,4.12,118605,918,10
Reversione: Reset the Future,Chris A. Jones,4.15,488,916,10
"Shatter Me (Shatter Me, #1)",Tahereh Mafi,3.9,626106,915,13
How to Win Friends and Influence People,Dale Carnegie,4.22,877482,914,10
Behind Closed Doors,B.A. Paris,3.98,478316,913,11
Bad Blood: Secrets and Lies in a Silicon Valley Startup,John Carreyrou,4.41,240300,911,10
Educated,Tara Westover,4.47,1311631,909,11
Tuesdays with Morrie,Mitch Albom,4.15,946228,906,12
Schindler's List,Thomas Keneally,4.34,156450,905,12
"The 5th Wave (The 5th Wave, #1)",Rick Yancey,4.02,440160,903,10
Dune,Frank Herbert,4.26,1186097,903,13
The Chamber,John Grisham,3.83,135598,903,11
"Number 13 (Lightmasters, #1)",M.G. Wells,4.11,252,900,9
"The Iron-Jawed Boy (The Sky Guardian Chronicles, #1)",Nikolas Lee,4.19,346,900,9
"Running from Romeo (Romeo, #1)",Diane Mannino,3.57,587,900,9
Survivor,Chuck Palahniuk,3.93,114659,900,10
Roots of To-Be Templars (The Viking's Kurdish Love #3),Widad Akreyi,4.65,37,900,9
"The Scorch Trials (The Maze Runner, #2)",James Dashner,3.9,541644,899,11
The Sixth Station (Alexandra Russo  #1),Linda Stasi,3.54,383,899,9
"The Orb of Truth (The Horn King, #1)",Brae Wyckoff,3.72,299,898,9
The Endlands (Volume 1),Vincent Hobbes,3.88,132,897,9
The Rules of Attraction,Bret Easton Ellis,3.72,44686,895,11
For the Sake of a Child,Stevie Turner,4.17,190,894,9
Holly Jolly: Campfire Stories,J.K. Franko Jr.,4.35,4696,893,10
"Harry Potter and the Goblet of Fire (Harry Potter, #4)",J.K. Rowling,4.56,3361067,892,13
Love in the Time of Cholera,Gabriel García Márquez,3.93,476932,890,13
Crash,J.G. Ballard,3.59,23988,890,11
"What the Night Knows (What the Night Knows, #1)",Dean Koontz,3.77,20086,889,10
Building a Second Brain: A Proven Method to Organize Your Digital Life and Unlock Your Creative Potential,Tiago Forte,4.12,7485,889,9
Queer,William S. Burroughs,3.62,12593,888,10
"The Dark Tower (The Dark Tower, #7)",Stephen King,4.27,163604,888,10
The Color of Water: A Black Man's Tribute to His White Mother,James   McBride,4.11,117072,888,11
"The Hard Way (Jack Reacher, #10)",Lee Child,4.18,76469,887,10
Death of a Salesman,Arthur  Miller,3.56,219244,885,10
"Everlasting (The Immortals, #6)",Alyson Noel,3.9,46826,884,10
Night Film,Marisha Pessl,3.78,86695,883,10
"The White Queen (The Plantagenet and Tudor Novels, #2)",Philippa Gregory,3.95,169791,882,10
"Welcome to Bordertown (Borderland, #8)",Holly Black,4.07,2400,881,9
Atlas Shrugged,Ayn Rand,3.69,379135,878,10
The Shack,William Paul Young,3.81,615767,877,10
"The Year of the Flood (MaddAddam, #2)",Margaret Atwood,4.06,119297,876,11
Invisible Cities,Italo Calvino,4.13,75832,876,10
The Power of Habit: Why We Do What We Do in Life and Business,Charles Duhigg,4.13,465983,876,10
Mere Christianity,C.S. Lewis,4.35,374992,875,10
"Lethal White (Cormoran Strike, #4)",Robert Galbraith,4.24,150500,875,10
Still Crazy,Judy Prescott Marshall,4.24,867,870,10
The Art of Forgetting,Camille Pagán,3.57,1918,869,10
"Fallen (Will Trent, #5)",Karin Slaughter,4.22,51181,869,10
The Joy Luck Club,Amy Tan,3.95,651413,866,12
A People's History of the United States,Howard Zinn,4.07,230935,864,10
A Castle of Doomsday,Michael G. Kramer,4.26,3428,863,9
"Darkness Becomes Her (Gods & Monsters, #1)",Kelly Keaton,3.9,15659,861,10
Heart of a Dog,Mikhail Bulgakov,4.11,53645,861,10
The Killer Inside Me,Jim Thompson,3.86,22225,861,10
Tampa,Alissa Nutting,3.42,26889,858,10
"C is for Corpse  (Kinsey Millhone, #3)",Sue Grafton,3.92,49728,858,10
"The Titan's Curse (Percy Jackson and the Olympians, #3)",Rick Riordan,4.36,922555,857,11
"Guns, Germs, and Steel: The Fates of Human Societies",Jared Diamond,4.04,381575,857,10
"The Likeness (Dublin Murder Squad, #2)",Tana French,4.06,152845,854,11
Revolutionary Road,Richard Yates,3.92,85187,854,10
Waiting for Godot,Samuel Beckett,3.84,188873,854,10
Midnight in the Garden of Good and Evil,John Berendt,3.92,255715,853,11
"My Mother She Killed Me, My Father He Ate Me: Forty New Fairy Tales",Gregory Maguire,3.59,3944,851,10
Red Russia,Tanya Thompson,4.08,8922,851,9
"Proud Pada (The Last Lumenian, #3)",S.G. Blaise,4.33,944,851,9
Misery,Stephen King,4.21,629931,849,11
The Worst Hard Time: The Untold Story of Those Who Survived the Great American Dust Bowl,Timothy Egan,4.04,52462,849,11
The Winter's Tale,William Shakespeare,3.71,31294,849,10
Down and Out in Paris and London,George Orwell,4.09,80134,849,11
